nombre_equip,tipo_equip,id_equip,barrio,id_barrio,distrito,id_distrito,direccion,num,CP,coordenada_x,coordenada_y,latitud,longitud
Teatro de la Comedia. Compai±i­a Nacional de Teatro Cli¡sico,TEATRO,0,CORTES,13,CENTRO,1,CALLE PRÃNCIPE,14,28012,440577,4474129,40.41566504,-3.700410765
Teatro Real,TEATRO,1,PALACIO,11,CENTRO,1,PLAZA ISABEL II,1,28013,439834,4474367,40.41775568,-3.709190284
Tablao Flamenco Torres Bermejas,TABLAO,2,SOL,16,CENTRO,1,CALLE MESONERO ROMANOS,11,28013,440261,4474600,40.41988541,-3.704179384
Sala Shoko Live,SALA CONCIERTOS,3,PALACIO,11,CENTRO,1,CALLE TOLEDO,86,28005,439707,4473364,40.40871165,-3.710591521
Sala Siroco,SALA CONCIERTOS,4,UNIVERSIDAD,15,CENTRO,1,CALLE MARQUES DE LEGANES,7,28004,439995,4474846,40.42208945,-3.707330171
Sala Tempo Audiophile Club,SALA CONCIERTOS,5,UNIVERSIDAD,15,CENTRO,1,CALLE DUQUE DE OSUNA,8,28015,439610,4475206,40.42529754,-3.711910103
Sala Thundercat,SALA CONCIERTOS,6,JUSTICIA,14,CENTRO,1,CALLE CAMPOAMOR,11,28004,440982,4475298,40.42622384,-3.695739772
Sala Vesta,SALA CONCIERTOS,7,JUSTICIA,14,CENTRO,1,CALLE BARQUILLO,29,28004,440986,4474935,40.42296191,-3.695655946
Sala Bule Bule,SALA CONCIERTOS,8,JUSTICIA,14,CENTRO,1,CALLE MARQUES DE VALDEIGLESIAS,6,28004,440864,4474567,40.41963174,-3.69705818
Tablao Flamenco Cardamomo,TABLAO,9,CORTES,13,CENTRO,1,CALLE ECHEGARAY,15,28014,440650,4474106,40.41546306,-3.699548239
Tablao Flamenco Corral de la Moreri­a,TABLAO,10,PALACIO,11,CENTRO,1,CALLE MORERIA,17,28005,439399,4473810,40.4127064,-3.714264289
Tablao Flamenco Las Carboneras,TABLAO,11,PALACIO,11,CENTRO,1,CALLE CONDE DE MIRANDA,1,28005,439829,4474065,40.41503559,-3.709220191
Sala Beer Station,SALA CONCIERTOS,12,PALACIO,11,CENTRO,1,CUESTA SANTO DOMINGO,22,28013,439897,4474584,40.419718,-3.708463098
Pequei±o Teatro Gran Vi­a,TEATRO,13,UNIVERSIDAD,15,CENTRO,1,CALLE GRAN VIA,66,28013,439859,4474883,40.42240577,-3.708956207
Teatro Alfil,TEATRO,14,UNIVERSIDAD,15,CENTRO,1,CALLE PEZ,10,28004,440240,4474963,40.42314489,-3.704472711
Tablao Flamenco Torres Bermejas,TABLAO,15,SOL,16,CENTRO,1,CALLE MESONERO ROMANOS,11,28013,440261,4474600,40.41988541,-3.704179384
Tablao Flamenco Torero,TABLAO,16,SOL,16,CENTRO,1,CALLE CRUZ,26,28012,440382,4474047,40.4149131,-3.702694413
DT Espacio Esci©nico,TEATRO,17,JUSTICIA,14,CENTRO,1,CALLE REINA,9,28004,440593,4474656,40.42040457,-3.700283104
El umbral de la primavera,TEATRO,18,EMBAJADORES,12,CENTRO,1,CALLE PRIMAVERA,11,28012,440573,4473448,40.40952998,-3.700394299
Microteatro Por Dinero,TEATRO,19,UNIVERSIDAD,15,CENTRO,1,CALLE LORETO Y CHICOTE,9,28004,440272,4474782,40.42152574,-3.704066823
Sala Morocco,SALA CONCIERTOS,20,UNIVERSIDAD,15,CENTRO,1,CALLE MARQUES DE LEGANES,7,28004,439995,4474846,40.42208945,-3.707330171
Off Latina,SALA CONCIERTOS,21,PALACIO,11,CENTRO,1,CALLE MANCEBOS,4,28005,439592,4473735,40.4120448,-3.71198257
Sala Cardamomo,SALA CONCIERTOS,22,CORTES,13,CENTRO,1,CALLE ECHEGARAY,15,28014,440650,4474106,40.41546754,-3.699540394
Sala El perro de la parte de atri¡s del coche,SALA CONCIERTOS,23,UNIVERSIDAD,15,CENTRO,1,CALLE PUEBLA,15,28004,440288,4474863,40.42225766,-3.703874419
Sala Hangar 48,SALA CONCIERTOS,24,PALACIO,11,CENTRO,1,CALLE BAILEN,24,28005,439414,4473662,40.41137612,-3.714064363
Sala Fulanita de tal,SALA CONCIERTOS,25,JUSTICIA,14,CENTRO,1,CALLE REGUEROS,9,28004,440920,4475127,40.42468328,-3.696460198
Sala Fotomati³n,SALA CONCIERTOS,26,UNIVERSIDAD,15,CENTRO,1,PLAZA CONDE DE TORENO,2,28015,439811,4475125,40.42458981,-3.709521524
Sala Cadavra Club,SALA CONCIERTOS,27,SOL,16,CENTRO,1,CALLE CABALLERO DE GRACIA,10,28013,440547,4474548,40.41944182,-3.700799789
Sala El Si³tano,SALA CONCIERTOS,28,EMBAJADORES,12,CENTRO,1,CALLE MALDONADAS,6,28005,439945,4473612,40.41096326,-3.707804846
Sala Libertad 8,SALA CONCIERTOS,29,JUSTICIA,14,CENTRO,1,CALLE LIBERTAD,8,28004,440842,4474685,40.4206999,-3.697334073
Sala El Sol,SALA CONCIERTOS,30,SOL,16,CENTRO,1,CALLE JARDINES,3,28013,440477,4474497,40.41896394,-3.701635498
Cine Palacio de la Prensa,CINE,31,SOL,16,CENTRO,1,PLAZA CALLAO,4,28013,440148,4474597,40.41984118,-3.705522698
Cine Estudio Ci­rculo de Bellas Artes,CINE,32,CORTES,13,CENTRO,1,CALLE ALCALA,42,28014,440903,4474433,40.41841776,-3.696608455
Filmoteca Espai±ola. Cine Dori©,CINE,33,EMBAJADORES,13,CENTRO,1,CALLE SANTA ISABEL,3,28012,440675,4473701,40.41180732,-3.699227515
Cine Capitol Gran Vi­a,CINE,34,PALACIO,11,CENTRO,1,CALLE GRAN VIA,41,28013,440057,4474664,40.42043827,-3.70658982
Yelmo Cines Ideal,CINE,35,EMBAJADORES,12,CENTRO,1,CALLE DOCTOR CORTEZO,6,28012,440287,4473925,40.41381195,-3.70379996
Cines Callao,CINE,36,SOL,16,CENTRO,1,PLAZA CALLAO,3,28013,440150,4474615,40.42001256,-3.705489126
Sala El Intruso,SALA CONCIERTOS,37,JUSTICIA,14,CENTRO,1,CALLE AUGUSTO FIGUEROA,3,28004,440603,4474946,40.42302865,-3.700179828
Sala El Despertar,SALA CONCIERTOS,38,EMBAJADORES,12,CENTRO,1,CALLE TORRECILLA DEL LEAL,18,28012,440648,4473593,40.4108484,-3.699513775
Cafi© Berli­n,SALA CONCIERTOS,39,SOL,16,CENTRO,1,COSTANILLA ANGELES,20,28013,439941,4474569,40.41958857,-3.707943093
Cafi© Central,SALA CONCIERTOS,40,CORTES,13,CENTRO,1,PLAZA ANGEL,10,28012,440450,4473965,40.4141785,-3.701904024
Cafi© La Palma,SALA CONCIERTOS,41,UNIVERSIDAD,14,CENTRO,1,CALLE PALMA,62,28015,439936,4475369,40.42678043,-3.708094409
Sala Contraclub,SALA CONCIERTOS,42,PALACIO,11,CENTRO,1,CALLE BAILEN,16,28005,439426,4473790,40.4125282,-3.713944177
Independance Club,SALA CONCIERTOS,43,CORTES,13,CENTRO,1,CALLE ATOCHA,127,28012,441210,4473454,40.4096307,-3.692877476
Tablao Flamenco El Lucero,TABLAO,44,CORTES,13,CENTRO,1,CALLE MARQUES DE CUBAS,25,28014,440974,4474192,40.41626691,-3.695734204
Sala Maravillas,SALA CONCIERTOS,45,UNIVERSIDAD,15,CENTRO,1,CALLE SAN VICENTE FERRER,33,28004,440254,4475253,40.42576766,-3.704318891
Tablao flamenco de la Villa,TABLAO,46,PALACIO,11,CENTRO,1,CALLE TORIJA,7,28013,439731,4474700,40.42074804,-3.710435835
Tablao Flamenco La Carmela,TABLAO,47,SOL,16,CENTRO,1,CALLE VICTORIA,4,28012,440464,4474201,40.41630783,-3.70173792
Teatro Nuev9 Norte,TEATRO,48,UNIVERSIDAD,15,CENTRO,1,CALLE NORTE,9,28015,439975,4475283,40.4260176,-3.707614867
Teatro Nuevo Apolo,TEATRO,49,EMBAJADORES,12,CENTRO,1,PLAZA TIRSO DE MOLINA,1,28012,440323,4473762,40.41234076,-3.703369988
Teatro Pavi³n,TEATRO,50,EMBAJADORES,12,CENTRO,1,CALLE EMBAJADORES,9,28012,440080,4473507,40.41002884,-3.706199496
Teatro Pri­ncipe Gran Vi­a,TEATRO,51,SOL,16,CENTRO,1,CALLE TRES CRUCES,8,28013,440491,4474755,40.41941657,-3.702760005
Teatro Reina Victoria,TEATRO,52,CORTES,13,CENTRO,1,CARRERA SAN JERONIMO,24,28014,440629,4474223,40.41651548,-3.699818451
Teatro Rialto,TEATRO,53,UNIVERSIDAD,15,CENTRO,1,CALLE GRAN VIA,54,28013,439992,4474769,40.42138841,-3.707377753
Teatro Sala Mirador,TEATRO,54,EMBAJADORES,12,CENTRO,1,CALLE DOCTOR FOURQUET,31,28012,440697,4473173,40.40706814,-3.698898808
Teatro Valle Incli¡n. Centro Dri¡matico Nacional,TEATRO,55,EMBAJADORES,12,CENTRO,1,CALLE VALENCIA,1,28012,440564,4473279,40.4080069,-3.700484579
Teatro Victoria,TEATRO,56,UNIVERSIDAD,15,CENTRO,1,CALLE PEZ,17,28004,440143,4475035,40.4237866,-3.705611072
Teatro. Mi­nima espacio esci©nico,TEATRO,57,EMBAJADORES,12,CENTRO,1,CALLE MALLORCA,4,28012,440773,4473171,40.40704888,-3.698011526
Teatro Lope de Vega,TEATRO,58,PALACIO,11,CENTRO,1,CALLE GRAN VÃA,57,28013,439865,4474827,40.42189273,-3.708880093
Teatro Lara,TEATRO,59,UNIVERSIDAD,15,CENTRO,1,CALLE CORREDERA BAJA DE SAN PABLO,15,28004,440241,4474845,40.42208197,-3.704449835
Teatro la Latina,TEATRO,60,PALACIO,11,CENTRO,1,PLAZA CEBADA,2,28005,439863,4473661,40.4113978,-3.70878174
Teatro de la Zarzuela,TEATRO,61,CORTES,13,CENTRO,1,CALLE JOVELLANOS,4,28014,440879,4474296,40.41719097,-3.696866904
Teatro Calderi³n,TEATRO,62,EMBAJADORES,12,CENTRO,1,CALLE ATOCHA,18,28012,440325,4473942,40.41396243,-3.703363301
Teatro Capitol Gran Vi­a,TEATRO,63,PALACIO,11,CENTRO,1,CALLE GRAN VIA,41,28013,440057,4474664,40.42044663,-3.706582133
Teatro Cofidis Alci¡zar,TEATRO,64,CORTES,13,CENTRO,1,CALLE ALCALA,20,28014,440694,4474365,40.41780143,-3.699048172
Teatro Coliseum,TEATRO,65,UNIVERSIDAD,15,CENTRO,1,CALLE GRAN VIA,78,28013,440304,4474849,40.4221316,-3.703695927
Teseo Teatro,TEATRO,66,PALACIO,11,CENTRO,1,RONDA SEGOVIA,61,28005,439256,4473343,40.40848903,-3.715905028
Teatro de la Escuela,TEATRO,67,UNIVERSIDAD,15,CENTRO,1,CALLE PALMA,18,28004,440361,4475309,40.42628173,-3.703059099
Teatro de las Aguas,TEATRO,68,UNIVERSIDAD,15,CENTRO,1,CALLE DE LAS AGUAS,8,28005,440304,4474849,40.4221316,-3.703695927
Teatro La Corseteri­a - NTF,TEATRO,69,EMBAJADORES,12,CENTRO,1,CALLE CABEZA,8,28012,440313,4473696,40.41174548,-3.703481651
Teatro del Barrio,TEATRO,70,EMBAJADORES,12,CENTRO,1,CALLE ZURITA,20,28012,440681,4473464,40.40968182,-3.699123015
Teatro EDP Gran Vi­a,TEATRO,71,UNIVERSIDAD,15,CENTRO,1,CALLE GRAN VIA,66,28013,439859,4474883,40.42240577,-3.708956207
Teatro Espai±ol,TEATRO,72,CORTES,13,CENTRO,1,CALLE PRINCIPE,25,28012,440597,4474036,40.41482868,-3.70016636
Teatro Fi­garo - Adolfo Marsillach,TEATRO,73,EMBAJADORES,12,CENTRO,1,CALLE DOCTOR CORTEZO,5,28012,440298,4473886,40.41345602,-3.70367626
Teatro Infanta Isabel,TEATRO,74,JUSTICIA,14,CENTRO,1,CALLE BARQUILLO,24,28004,440993,4474853,40.42221671,-3.695586731
Teatro Karpas,TEATRO,75,EMBAJADORES,12,CENTRO,1,CALLE SANTA ISABEL,19,28012,440803,4473550,40.41045615,-3.697704939
Teatro Monumental,TEATRO,76,CORTES,13,CENTRO,1,CALLE ATOCHA,65,28012,440680,4473775,40.41248874,-3.699161734
Teatro Mari­a Guerrero.,TEATRO,77,JUSTICIA,14,CENTRO,1,CALLE TAMAYO Y BAUS,4,28004,441207,4474927,40.42288948,-3.693071022
Teatro Mui±oz Seca,TEATRO,78,SOL,16,CENTRO,1,PLAZA CARMEN,1,28013,440336,4474436,40.41840439,-3.703279899
Teatro Maravillas,TEATRO,79,UNIVERSIDAD,15,CENTRO,1,CALLE MANUELA MALASAÃA,6,28004,440360,4475576,40.42867576,-3.703103947
Theatre for the people,TEATRO,80,UNIVERSIDAD,15,CENTRO,1,PLAZA CARLOS CAMBRONERO,5,28004,440289,4474961,40.42313947,-3.703883251
Teatro Arlequi­n Gran Vi­a,TEATRO,81,PALACIO,11,CENTRO,1,CALLE SAN BERNARDO,5,28013,439913,4474730,40.42102237,-3.708305148
Soho Club Teatro,TEATRO,82,PALACIO,11,CENTRO,1,PLAZA ESPAÃA,6,28008,439605,4474904,40.42257848,-3.711936021
Sala Teatro Azarte,TEATRO,83,JUSTICIA,14,CENTRO,1,CALLE SAN MARCOS,19,28004,440756,4474766,40.4214072,-3.698360307
Sala de Teatro La Escalera de Jacob,TEATRO,84,EMBAJADORES,12,CENTRO,1,CALLE LAVAPIES,9,28012,440367,4473650,40.41133762,-3.702837782
Tablao Flamenco 1911,TABLAO,85,CORTES,13,CENTRO,1,PLAZA SANTA ANA,15,28012,440490,4474047,40.41492297,-3.70142427
Tablao Flamenco Cardamomo,TABLAO,86,CORTES,13,CENTRO,1,CALLE ECHEGARAY,15,28014,440650,4474106,40.41546306,-3.699548239
Tablao Flamenco Corral de la Moreri­a,TABLAO,87,PALACIO,11,CENTRO,1,CALLE MORERIA,17,28005,439399,4473810,40.4127064,-3.714264289
Teatro Bellas Artes,TEATRO,88,CORTES,13,CENTRO,1,CALLE MARQUES DE CASA RIERA,2,28014,440918,4474423,40.41833782,-3.696419035
Tablao Cafeti­n La Quimera,TABLAO,89,SOL,16,CENTRO,1,CALLE CUCHILLEROS,7,28005,439935,4474010,40.4145514,-3.707963963
Teatro Marquina,TEATRO,90,JUSTICIA,14,CENTRO,1,CALLE PRIM,11,28004,441148,4474824,40.42195751,-3.693745153
Cines Embajadores,CINE,91,DELICIAS,25,ARGANZUELA,2,GLORIETA SANTA MARIA DE LA CABEZA,5,28045,440722,4472467,40.40070476,-3.698541455
Cine Cinesa Mendez Alvaro,CINE,92,ATOCHA,27,ARGANZUELA,2,CALLE ACANTO,2,28045,442670,4471989,40.39652457,-3.675549653
Cineteca Madrid,CINE,93,CHOPERA,23,ARGANZUELA,2,PLAZA LEGAZPI,8,28045,440946,4471394,40.39105304,-3.695807972
Cine Artistic Metropol,CINE,94,ACACIAS,22,ARGANZUELA,2,CALLE CIGARRERAS,6,28005,439972,4472935,40.4048565,-3.707428568
Teatro Lagrada,TEATRO,95,ACACIAS,22,ARGANZUELA,2,CALLE ERCILLA,20,28005,440356,4472691,40.40268595,-3.70289238
Naves Espanol en Matadero,TEATRO,96,CHOPERA,23,ARGANZUELA,2,PASEO CHOPERA,14,28045,440825,4471546,40.39241375,-3.697247686
Sala Nave 73,TEATRO,97,PALOS DE MOGUER,26,ARGANZUELA,2,CALLE PALOS DE LA FRONTERA,5,28012,440712,4472741,40.4031618,-3.698702017
Teatro La Sala,TEATRO,98,PALOS DE MOGUER,26,ARGANZUELA,2,CALLE PALOS DE LA FRONTERA,3,28012,440686,4472732,40.40309417,-3.698984271
Tablao Flamenco Cafe Ziryab,SALA CONCIERTOS,99,ACACIAS,22,ARGANZUELA,2,PASEO ESPERANZA,17,28005,440164,4472643,40.40224885,-3.705138659
Sala Rock Palace,SALA CONCIERTOS,100,PALOS DE MOGUER,26,ARGANZUELA,2,CALLE VARA DE REY,6,28045,441492,4472615,40.40209673,-3.689478906
Auditorio al aire libre. Parque Enrique Tierno Galvi¡n,AUDITORIO,101,LEGAZPI,24,ARGANZUELA,2,AVENIDA PLANETARIO,18,28045,441830,4471375,40.39094408,-3.685391155
Sala Big Mama Ballroom,SALA CONCIERTOS,102,PALOS DE MOGUER,26,ARGANZUELA,2,CALLE BERNARDINO OBREGON,3,28012,440603,4472862,40.40425285,-3.6999784
Teatro Corral de Cervantes,TEATRO,103,CHOPERA,23,ARGANZUELA,2,PASEO CHOPERA,10,28045,440676,4471620,40.39307289,-3.699005654
Sala de teatro. La Usina,TEATRO,104,PALOS DE MOGUER,26,ARGANZUELA,2,CALLE PALOS DE LA FRONTERA,4,28012,440590,4472681,40.40262168,-3.700122356
Teatro. Artespacio Plot Point,TEATRO,105,ACACIAS,22,ARGANZUELA,2,CALLE ERCILLA,29,28005,440426,4472606,40.40192531,-3.702047778
Teatro Circo Price,TEATRO,106,PALOS DE MOGUER,26,ARGANZUELA,2,RONDA ATOCHA,35,28012,440723,4473051,40.40596423,-3.69860136
Tablao Flamenco Cafi© Ziryab,TABLAO,107,ACACIAS,22,ARGANZUELA,2,PASEO ESPERANZA,17,28005,440164,4472643,40.40224885,-3.705138659
Teatro Estudio 2 Manuel Galiana,TEATRO,108,ACACIAS,22,ARGANZUELA,2,CALLE MORATINES,11,28005,440374,4472749,40.40321882,-3.702674016
Sojo Laboratorio Teatral.,TEATRO,109,ACACIAS,22,ARGANZUELA,2,CALLE SAN ISIDORO DE SEVILLA,2,28005,439569,4472902,40.4045433,-3.712165151
Teatro Sala Cuarta Pared,TEATRO,110,ACACIAS,22,ARGANZUELA,2,CALLE ERCILLA,17,28005,440371,4472701,40.40277711,-3.702716561
Teatro La Encina,TEATRO,111,ACACIAS,22,ARGANZUELA,2,CALLE ERCILLA,15,28005,440362,4472716,40.40292068,-3.70281233
Teatro. Bululiº 2120,TEATRO,112,PALOS DE MOGUER,26,ARGANZUELA,2,CALLE CANARIAS,16,28045,440896,4472605,40.40195874,-3.696521253
El Pasillo Verde Teatro,TEATRO,113,ACACIAS,22,ARGANZUELA,2,PASEO ESPERANZA,23,28005,440246,4472488,40.40085851,-3.704147131
Sala Jazzville,SALA CONCIERTOS,114,NINO JESUS,36,RETIRO,3,CALLE JESUS APRENDIZ,19,28007,443061,4473441,40.40964835,-3.671067229
Cine Renoir Retiro,CINE,115,IBIZA,34,RETIRO,3,CALLE NARVAEZ,42,28009,442622,4474603,40.42007852,-3.676362797
Teatro Municipal de Ti­teres. Parque de El Retiro,TEATRO,116,LOS JERONIMOS,34,RETIRO,3,AVENIDA MÃXICO,4,28009,441748,4474466,40.41878363,-3.686651947
WiZink Center,USO POLIVALENTE,117,GOYA,42,SALAMANCA,4,CALLE JORGE JUAN,99,28009,442985,4474957,40.42328354,-3.672104027
Fernan Gomez Centro Cultural de la Villa,USO POLIVALENTE,118,RECOLETOS,41,SALAMANCA,4,PLAZA COLON,4,28001,441476,4475151,40.42492635,-3.689920852
Nuevo Teatro Alcala,TEATRO,119,GOYA,42,SALAMANCA,4,CALLE JORGE JUAN,62,28009,442464,4474973,40.42340076,-3.678258597
Teatro Tribuei±e,TEATRO,120,FUENTE DEL BERRO,43,SALAMANCA,4,CALLE SANCHO DAVILA,31,28028,443879,4475204,40.42556937,-3.66159964
Tablao Flamenco Corral de la Pacheca,TABLAO,121,GUINDALERA,44,SALAMANCA,4,CALLE ALCALA,237,28028,443775,4475871,40.43158109,-3.662863217
Tablao Flamenco Corral de la Pacheca,TABLAO,122,GUINDALERA,44,SALAMANCA,4,CALLE ALCALA,237,28028,443775,4475871,40.43158109,-3.662863217
Sala Barracudas,SALA CONCIERTOS,123,GUINDALERA,44,SALAMANCA,4,CALLE BRESCIA,19,28028,443825,4476441,40.43672108,-3.662331953
Teatro Pradillo,TEATRO,124,CIUDAD JARDIN,53,CHAMARTIN,5,CALLE PRADILLO,12,28002,442785,4477765,40.44856561,-3.674726122
Sala Elefante Blanco,SALA CONCIERTOS,125,PROSPERIDAD,52,CHAMARTIN,5,CALLE SANTA HORTENSIA,14,28002,443192,4477384,40.44516935,-3.669872684
Auditorio al aire libre Berli­n,AUDITORIO,126,CIUDAD JARDIN,53,CHAMARTIN,5,CALLE SAN ERNESTO,10,28002,442714,4477836,40.44920845,-3.675553914
Auditorio Nacional de Miºsica,AUDITORIO,127,CIUDAD JARDIN,53,CHAMARTIN,5,CALLE PRINCIPE DE VERGARA,146,28002,442619,4477707,40.44615939,-3.677944887
Sala Moe,SALA CONCIERTOS,128,HISPANOAMERICA,54,CHAMARTIN,5,AVENIDA ALBERTO ALCOCER,32,28036,442126,4478859,40.45839167,-3.682578546
Auditorio al aire libre. Templete. Plaza de la Remonta,AUDITORIO,129,VALDEACEDERAS,65,TETUAN,6,PLAZA REMONTA,18,28039,440853,4479492,40.46399701,-3.697657079
Sala The Irish Rover,SALA CONCIERTOS,130,CUATRO CAMINOS,62,TETUAN,6,AVENIDA BRASIL,7,28020,441158,4478468,40.45480073,-3.693964081
Sala Rockville,SALA CONCIERTOS,131,CUATRO CAMINOS,62,TETUAN,6,AVENIDA BRASIL,3,28020,441148,4478377,40.45397722,-3.694069298
Sala Moby Dick,SALA CONCIERTOS,132,CUATRO CAMINOS,62,TETUAN,6,AVENIDA BRASIL,5,28020,441151,4478434,40.45448719,-3.694056024
Teatro Multiespacio La Strada,TEATRO,133,ARAPILES,72,CHAMBERI,7,CALLE MAGALLANES,23,28015,440141,4476318,40.43535424,-3.705754038
Teatros del Canal,TEATRO,134,ARAPILES,72,CHAMBERI,7,CALLE CEA BERMUDEZ,1,28003,440203,4476672,40.43854675,-3.705057921
Teatro Quique San Francisco,TEATRO,135,ARAPILES,72,CHAMBERI,7,CALLE GALILEO,39,28015,439741,4476139,40.43371191,-3.71045436
Sala Arapiles 16,TEATRO,136,ARAPILES,72,CHAMBERI,7,CALLE ARAPILES,16,28015,439935,4476072,40.43312718,-3.708159573
Teatro Amaya,TEATRO,137,ALMAGRO,74,CHAMBERI,7,PASEO GENERAL MARTINEZ CAMPOS,9,28010,440868,4476288,40.43513499,-3.697193611
Teatros Luchana,TEATRO,138,TRAFALGAR,73,CHAMBERI,7,CALLE LUCHANA,38,28010,440780,4475934,40.4319398,-3.698186306
Teatro de la Abadi­a,TEATRO,139,ARAPILES,72,CHAMBERI,7,CALLE FERNANDEZ DE LOS RIOS,42,28015,439848,4476306,40.43522406,-3.709208727
Sala Honky Tonk,SALA CONCIERTOS,140,TRAFALGAR,73,CHAMBERI,7,CALLE COVARRUBIAS,24,28010,440823,4475743,40.43022269,-3.697651945
Sala Cien por Cien,SALA CONCIERTOS,141,TRAFALGAR,73,CHAMBERI,7,CALLE SANTISIMA TRINIDAD,30,28010,440547,4476590,40.43783446,-3.700994506
Pequeno Cine Estudio,CINE,142,ARAPILES,72,CHAMBERI,7,CALLE MAGALLANES,1,28015,440166,4475995,40.43243637,-3.705430315
Cine Sala Berlanga,CINE,143,GAZTAMBIDE,71,CHAMBERI,7,CALLE ANDRES MELLADO,53,28015,439407,4476388,40.43592166,-3.714427369
Sala Galileo Galilei,SALA CONCIERTOS,144,ARAPILES,72,CHAMBERI,7,CALLE GALILEO,100,28015,439798,4476674,40.43853547,-3.709844852
Cine Yelmo Luxury Palafox,CINE,145,TRAFALGAR,73,CHAMBERI,7,CALLE LUCHANA,15,28010,440548,4475729,40.43008114,-3.700902203
Cine Cinesa Proyecciones,CINE,146,TRAFALGAR,73,CHAMBERI,7,CALLE FUENCARRAL,136,28010,440350,4475887,40.43148568,-3.703251107
Sala Clamores,SALA CONCIERTOS,147,TRAFALGAR,73,CHAMBERI,7,CALLE ALBURQUERQUE,14,28010,440546,4475846,40.43112129,-3.700948366
Sala Fun House,SALA CONCIERTOS,148,TRAFALGAR,73,CHAMBERI,7,CALLE PALAFOX,8,28010,440524,4475870,40.43134824,-3.701186636
Auditorio de la Plaza de Chamberi­ - Templete,AUDITORIO,149,ALMAGRO,74,CHAMBERI,7,PLAZA CHAMBERI,12,28010,440834,4476014,40.43266432,-3.697557154
Sala Buho Real,SALA CONCIERTOS,150,ALMAGRO,74,CHAMBERI,7,PASEO GENERAL MARTINEZ CAMPOS,14,28010,440899,4476259,40.4348775,-3.696810843
Cine Verdi,CINE,151,TRAFALGAR,73,CHAMBERI,7,CALLE BRAVO MURILLO,28,28015,440284,4476459,40.43662477,-3.704082819
Autocine Madrid,CINE,152,VALVERDE,86,FUENCARRAL-EL PARDO,8,CALLE ANTONIO DE CABEZON,8,28034,442150,4483527,40.50043706,-3.682719171
Auditorio al aire libre. Parque de la Vaguada,AUDITORIO,153,EL PILAR,84,FUENCARRAL-EL PARDO,8,PASEO VAGUADA,13,28029,439712,4481297,40.48016602,-3.711297805
Cine La Vaguada,CINE,154,EL PILAR,84,FUENCARRAL-EL PARDO,8,AVENIDA MONFORTE DE LEMOS,36,28029,439967,4481168,40.47903297,-3.708264189
Sala Cadillac Solitario,SALA CONCIERTOS,155,LA PAZ,85,FUENCARRAL-EL PARDO,8,CALLE FERMIN CABALLERO,6,28034,440725,4482079,40.48729435,-3.69940233
Auditorio Joaqui­n Rosado (Moncloa-Aravaca),AUDITORIO,156,CASA DE CAMPO,91,MONCLOA-ARAVACA,9,CALLE SANTA POLA,22,28008,437516,4475994,40.43224331,-3.736661338
Pabelli³n de Convenciones (Recinto Ferial Casa de Campo),USO POLIVALENTE,157,CASA DE CAMPO,91,MONCLOA-ARAVACA,9,AVENIDA PORTUGAL,0,28011,437456,4474126,40.4135273,-3.738470416
Templete de Miºsica - Parque de La Bombilla,USO POLIVALENTE,158,CASA DE CAMPO,91,MONCLOA-ARAVACA,9,GLORIETA SAN ANTONIO DE LA FLORIDA,9,28008,438418,4475299,40.42604794,-3.725969994
Pabelli³n Multiusos Madrid Arena (Recinto Ferial Casa de Campo),USO POLIVALENTE,159,CASA DE CAMPO,91,MONCLOA-ARAVACA,9,AVENIDA PRINCIPAL,14,28011,437456,4474126,40.4135273,-3.738470416
Auditorio al aire libre. Templete de Miºsica - Parque del Oeste,AUDITORIO,160,CASA DE CAMPO,91,MONCLOA-ARAVACA,9,CALLE PROFESOR MARTIN ALMAGRO BASCH,5,28008,438980,4475117,40.42444982,-3.719327792
Cines Golem,CINE,161,ARGUELLES,92,MONCLOA-ARAVACA,9,CALLE MARTIN DE LOS HEROS,14,28008,439458,4475141,40.4247034,-3.713695437
Cine Renoir Plaza de Espai±a,CINE,162,ARGUELLES,92,MONCLOA-ARAVACA,9,CALLE MARTIN DE LOS HEROS,12,28008,439481,4475105,40.42437831,-3.7134211
Gran Teatro CaixaBank  Pri­ncipe Pi­o,TEATRO,163,CASA DE CAMPO,91,MONCLOA-ARAVACA,9,CUESTA SAN VICENTE,44,28008,438998,4474671,40.42043338,-3.719072832
Ri©plika Teatro,TEATRO,164,CIUDAD UNIVERSITARIA,93,MONCLOA-ARAVACA,9,CALLE EXPLANADA,14,28040,439637,4477750,40.44821881,-3.711824678
Tablao flamenco Las Tablas,TABLAO,165,ARGUELLES,92,MONCLOA-ARAVACA,9,PLAZA ESPAÃA,9,28008,439458,4474840,40.42198032,-3.713678674
Teatro Sanpol,TEATRO,166,CASA DE CAMPO,91,MONCLOA-ARAVACA,9,CALLE SAN POL DE MAR,1,28008,438363,4475066,40.42394491,-3.726595735
Teatro Auditorio Casa de Campo,TEATRO,167,CASA DE CAMPO,91,MONCLOA-ARAVACA,9,AVENIDA PRINCIPAL,9,28011,437121,4473927,40.4135931,-3.741116125
Cine Cinesa Pri­ncipe Pi­o 3D,CINE,168,CASA DE CAMPO,91,MONCLOA-ARAVACA,9,PASEO FLORIDA,0,28008,438838,4474711,40.42078197,-3.720962568
Cines Renoir Princesa,CINE,169,ARGUELLES,92,MONCLOA-ARAVACA,9,CALLE PRINCESA,3,28008,439529,4475145,40.42473306,-3.712870796
Quiosco de Miºsica Templete Cantaor Josi© Menese,USO POLIVALENTE,170,PUERTA DEL ANGEL,102,LATINA,10,PLAZA HUARTE DE SAN JUAN,1,28011,438428,4473844,40.41294143,-3.725711256
Auditorio al aire libre. Parque Aluche,AUDITORIO,171,ALUCHE,104,LATINA,10,CALLE ILLESCAS,149,28047,435554,4471619,40.39268021,-3.759357296
Auditorio al aire libre. Parque de las Cruces,AUDITORIO,172,LAS AGUILAS,107,LATINA,10,AVENIDA POBLADOS,68,28044,435534,4470597,40.38347208,-3.759489505
Auditorio al aire libre. Parque Cerro Almodi³var,AUDITORIO,173,ALUCHE,104,LATINA,10,CALLE MARCELINO CASTILLO,29,28047,436800,4471778,40.39420803,-3.744692836
Espacio Gallinero,TEATRO,174,ALUCHE,104,LATINA,10,CALLE LUIS FEITO,24,28047,436794,4471519,40.3918802,-3.744734123
La Sala Live,SALA CONCIERTOS,175,VISTA ALEGRE,115,CARABANCHEL,11,AVENIDA NUESTRA SEÃORA DE FATIMA,42,28047,436558,4470591,40.38348754,-3.747437578
Sala Gruta 77,SALA CONCIERTOS,176,SAN ISIDRO,113,CARABANCHEL,11,CALLE CUCLILLO,6,28019,437924,4471401,40.39094149,-3.731401607
Teatro Tarambana,TEATRO,177,VISTA ALEGRE,114,CARABANCHEL,11,CALLE DOLORES ARMENGOT,31,28025,437027,4471052,40.38580302,-3.743221818
Teatro. Arte &amp; Desmayo,TEATRO,178,COMILLAS,111,CARABANCHEL,11,CALLE BALEARES,14,28019,439442,4471824,40.39481871,-3.713568561
Teatro Centro del Actor,TEATRO,179,VISTA ALEGRE,114,CARABANCHEL,11,CALLE DOLORES ARMENGOT,22,28025,436934,4470851,40.38586749,-3.74302095
Yelmo Cines Islazul,CINE,180,BUENAVISTA,116,CARABANCHEL,11,CALLE CALDERILLA,1,28054,437347,4468555,40.36520608,-3.737931016
Auditorio al aire libre. Parque Lineal del Manzanares,AUDITORIO,181,SAN FERMIN,123,USERA,12,CAMINO PERALES,48,28041,441308,4470116,40.37956571,-3.69142524
Auditorio al aire libre. Parque de Pradolongo,AUDITORIO,182,PRADOLONGO,127,USERA,12,AVENIDA POBLADOS,169,28041,439998,4469285,40.37198632,-3.706778459
Sala Olvido,SALA CONCIERTOS,183,MOSCARDO,125,USERA,12,CALLE OLVIDO,15,28026,440347,4470923,40.38676778,-3.702812178
Auditorio al aire libre. Plaza de Ermua,AUDITORIO,184,ORCASITAS,121,USERA,12,CALLE GUETARIA,56,28041,439227,4469272,40.37181328,-3.715870131
Auditorio al aire libre. Parque de Olof Palme,AUDITORIO,185,ZOFIO,126,USERA,12,CALLE CERECINOS,1,28026,439527,4470701,40.38470834,-3.712460441
Sala Teatro Exli­mite,TEATRO,186,PRADOLONGO,127,USERA,12,CALLE PRIMITIVA GAÃAN,5,28026,439817,4470244,40.38061718,-3.708997657
Tablao Flamenco La Estacion de los Porches,TABLAO,187,ENTREVIAS,131,PUENTE DE VALLECAS,13,CALLE TIMOTEO PEREZ RUBIO,2,28053,442946,4471043,40.3880347,-3.672208524
Auditorio al aire libre. Parque Amis Acero,AUDITORIO,188,SAN DIEGO,132,PUENTE DE VALLECAS,13,CALLE SIERRA DE ALQUIFE,20,28053,443462,4471081,40.38840793,-3.666137181
Auditorio al aire libre. Entrevi­as,AUDITORIO,189,ENTREVIAS,131,PUENTE DE VALLECAS,13,RONDA SUR,13,28053,443009,4469412,40.37302469,-3.671950236
Auditorio al aire libre. Centro Cultural el Pozo,AUDITORIO,190,ENTREVIAS,131,PUENTE DE VALLECAS,13,CALLE ANDALUCES DEL POZO,1,28053,443905,4469263,40.37206023,-3.660758002
Auditorio al aire libre. Carlos Jimi©nez de Parga,AUDITORIO,191,PALOMERAS SURESTE,134,PUENTE DE VALLECAS,13,AVENIDA RAFAEL ALBERTI,13,28038,445830,4471232,40.38992558,-3.638251653
Auditorio al aire libre. Parque de la Cui±a Verde,AUDITORIO,192,MARROQUINA,143,MORATALAZ,14,CALLE JOSE BERGAMIN,62,28030,446334,4473592,40.41122222,-3.632506066
Sala Silikona,SALA CONCIERTOS,193,MEDIA LEGUA,144,MORATALAZ,14,PLAZA ENCUENTRO,1,28030,444675,4473006,40.4058362,-3.652007794
Auditorio al aire libre. Pavones,AUDITORIO,194,VINATEROS,146,MORATALAZ,14,CALLE HACIENDA DE PAVONES,209,28030,445938,4472508,40.40142761,-3.637087566
Oden Multicines Alcali¡ Norte,CINE,195,PUEBLO NUEVO,152,CIUDAD LINEAL,15,CALLE ALCALA,414,28027,445843,4476510,40.43744691,-3.638523962
Cafe Teatro Serendipia,TEATRO,196,QUINTANA,153,CIUDAD LINEAL,15,CALLE GERMAN PEREZ CARRASCO,21,28027,445222,4476261,40.43519,-3.645847907
Auditorio al aire libre. Parque del Calero,AUDITORIO,197,CONCEPCION,154,CIUDAD LINEAL,15,CALLE JOSE DEL HIERRO,3,28027,444836,4476387,40.43629956,-3.650409615
Auditorio Carmen Laforet (Ciudad Lineal),AUDITORIO,198,COSTILLARES,159,CIUDAD LINEAL,15,CALLE JAZMIN,46,28033,443568,4481205,40.47960826,-3.665799021
Auditorio al aire libre. Pilar Garci­a Pei±a (Parque Pinar del Rey),AUDITORIO,199,CANILLAS,163,HORTALEZA,16,CARRETERA CANILLAS,1,28043,444354,4479394,40.46335597,-3.65636756
Centro Comercial Dreams - Palacio Municipal de Hielo,CINE,200,CANILLAS,163,HORTALEZA,16,CALLE SILVANO,77,28043,446103,4479332,40.46291274,-3.635733712
Cine Cinesa Manoteras,CINE,201,VALDEFUENTES,166,HORTALEZA,16,AVENIDA MANOTERAS,40,28050,443605,4481918,40.48604287,-3.665414237
Cine mk2 Palacio de Hielo,CINE,202,CANILLAS,163,HORTALEZA,16,CALLE SILVANO,77,28043,446080,4479321,40.46280315,-3.636003964
Auditorio Municipal el Espinillo,AUDITORIO,203,LOS ROSALES,174,VILLAVERDE,17,CALLE TERTULIA,5,28041,441288,4468354,40.36180967,-3.692774853
Auditorio Municipal al aire libre Lola Camarena,AUDITORIO,204,ENSANCHE DE VALLECAS,183,VILLA DE VALLECAS,18,AVENIDA LA GAVIA,13,28051,448205,4469500,40.37447622,-3.610129155
Auditorio Municipal Las Trece Rosas,AUDITORIO,205,CASCO H.VALLECAS,181,VILLA DE VALLECAS,18,CALLE MONTE DE MONTJUICH,7,28031,447581,4470145,40.38024518,-3.61753242
Teatro Municipal de Vallecas,TEATRO,206,CASCO H.VALLECAS,181,VILLA DE VALLECAS,18,CALLE PASO DE VILLAMANRIQUE,3,28031,447122,4469857,40.37762362,-3.622909577
Cine Cinesa La Gavia 3D,CINE,207,CASCO H.VALLECAS,181,VILLA DE VALLECAS,18,CALLE ADOLFO BIOY CASARES,2,28051,449271,4468741,40.36770152,-3.597512351
Auditorio Parque de la Cui±a Verde de Vici¡lvaro,AUDITORIO,208,AMBROZ,191,VICALVARO,19,CALLE CASALARREINA,26,28032,447938,4473364,40.40926647,-3.613590118
Recinto Ferial Vici¡lvaro,USO POLIVALENTE,209,CASCO H.VICALVARO,191,VICALVARO,19,PASEO POLIDEPORTIVO,142,28032,449367,4473005,40.40612044,-3.596732369
Cine Cinesa Las Rosas,CINE,210,ARCOS,204,SAN BLAS-CANILLEJAS,20,AVENIDA GUADALAJARA,2,28032,447189,4474396,40.41850711,-3.622514534
Yelmo Cines Plenilunio,CINE,211,REJAS,206,SAN BLAS-CANILLEJAS,20,CALLE ARACNE,1,28022,450134,4477616,40.44721406,-3.587360094
Auditorio al aire libre. Parque de Canillejas,AUDITORIO,212,CANILLEJAS,207,SAN BLAS-CANILLEJAS,20,CALLE NECTAR,32,28022,448169,4477063,40.44260378,-3.611169306
Centro Cultural Auditorio Parque El Parai­so (San Blas - Canillejas),AUDITORIO,213,HELLIN,202,SAN BLAS-CANILLEJAS,20,AVENIDA ARCENTALES,4,28037,447225,4475668,40.42996841,-3.622184001